status,sv_name,call_time,resp_size
success,Adwords Message 0,2.8201524560004474,426
success,Adwords Message 1,0.8113223600015044,460
success,Adwords Message 2,0.8227505770027638,520
success,Twitter_UI_Data 0,5.443234577000141,7220
success,Twitter_UI_Data 1,4.217371372997761,18046
success,Twitter_UI_Data 2,3.698147638000548,29408
success,testAdwords Message 0,0.6433151280060411,426
success,testAdwords Message 1,0.7419413480013609,460
success,testAdwords Message 2,0.803291863001883,520
success,Adwords Messagetest_10 0,28.64729954700172,89778
success,sukhbir-debug 0,0.793344378001988,426
success,sukhbir-debug 1,0.6470470540001988,460
success,sukhbir-debug 2,0.6914172229990363,520
success,sukhbir-debug-1 0,0.7718848479986191,426
success,sukhbir-debug-1 1,0.8164701490029692,460
success,sukhbir-debug-1 2,0.8688147660046815,520
success,Twitter-ad 0,0.7226580720022321,444
success,starz fts metrics 0,3.944138823002577,1812
success,starz fts metrics- SK1 0,3.4771926840022207,1812
success,starz fts metrics- sukhbir 0,13.594656399004162,1793170
success,starz fts metrics- SK1-1 0,11.995352833002805,2230
success,lots of data 0,0.7472425289973617,436
success,lots of data 1,0.691348119996488,494
success,Sukhbir-Conversions 0,18.29418208900094,970
success,Sukhbir-Conversions 1,19.546574247002603,2346898
success,Sukhbir-Conversions 0,18.187740232996642,970
success,Sukhbir-Conversions 1,20.86610530100018,2346898
success,Sukhbir-Conversions1 0,1.2704523539990187,312
success,Sukhbir-Conversions1 1,1.0447077270001173,370
success,Panda-Test 0,9.773264720998704,28006
success,Panda-Test 1,9.863600648999213,40944
success,Panda-Test 2,12.35236045099795,3011160
success,Panda-Test 3,12.81823142299801,3437976
success,two month data 0,8.466166625998914,944318
success,two month data 1,9.02351855199784,1179118
success,1-Panda-Test 0,96.96411468599737,248106
failure,2-Panda-Test 0,120.20545754099638,null
failure,qa_view 0,119.68831654199958,null
success,qa_view 1,1.1982985550016165,484