status,sv_name,call_time,resp_size
success,Adwords Message 0,3.0522463769987227,426
success,Adwords Message 1,1.0206167670041322,460
success,Adwords Message 2,1.0237472920045256,520
failure,Twitter_UI_Data 0,119.80854418299347,null
success,Twitter_UI_Data 1,57.14604347000271,18046
success,Twitter_UI_Data 2,3.720256050996482,29408
success,testAdwords Message 0,0.8049338710010052,426
success,testAdwords Message 1,0.689476298995316,460
success,testAdwords Message 2,0.8926313199996948,520
success,Adwords Messagetest_10 0,28.39712795100361,89778
success,sukhbir-debug 0,0.7126588500067592,426
success,sukhbir-debug 1,0.8191526369974017,460
success,sukhbir-debug 2,0.8194677690044045,520
success,sukhbir-debug-1 0,0.6885302160009742,426
success,sukhbir-debug-1 1,0.7364001089930534,460
success,sukhbir-debug-1 2,0.822848359003663,520
success,Twitter-ad 0,0.8218548999950289,444
success,starz fts metrics 0,4.302893688000738,1812
success,starz fts metrics- SK1 0,3.483004335001111,1812
success,starz fts metrics- sukhbir 0,17.21555366999656,2741766
success,starz fts metrics- SK1-1 0,12.055167137995362,2230
success,lots of data 0,0.818887855000794,436
success,lots of data 1,0.8425503019988537,494
success,Sukhbir-Conversions 0,17.999233590997754,970
success,Sukhbir-Conversions 1,25.274100389003753,3861048
success,Sukhbir-Conversions 0,20.17361265899986,970
success,Sukhbir-Conversions 1,23.926739157997073,3861048
success,Sukhbir-Conversions1 0,1.0398480520024895,312
success,Sukhbir-Conversions1 1,0.8196912529990077,370
success,Panda-Test 0,10.312154658995569,28006
success,Panda-Test 1,10.338977615997194,40944
success,Panda-Test 2,19.626910606004298,3755816
success,Panda-Test 3,15.597226365998388,4202388
success,two month data 0,9.296300475001335,1412900
failure,two month data 1,120.14360544599593,null
success,1-Panda-Test 0,99.31635075400024,248106
failure,2-Panda-Test 0,119.58003640099615,null
success,qa_view 0,27.885659518003465,426
success,qa_view 1,1.4129808439984917,484